,base_lat,base_lon,predicted_lat,predicted_lon
0,52.72534399999999,15.2429066,52.72534399999999,15.242905
1,52.2384213,20.9850956,52.23835465000001,20.98506615545015
2,51.0647119,17.0065159,51.06459955,17.0066310462151
3,50.2105169,18.99566,50.2105546,18.995702429176376
4,51.0523152,17.056584,51.052356,17.0566074
5,51.687292,19.415499,51.68729885000001,19.415508199999998
6,52.21510170000001,18.1400103,52.2205802,18.146459600000004
7,52.2460232,20.9633241,52.243637,20.966914000000006
8,50.044182799999994,19.9388199,50.04420220000001,19.9387197
9,52.476597999999996,16.9777872,52.47667,16.977870000000006
10,52.42821,16.844784,52.4281604,16.8447141
11,50.0711891,19.9350693,50.07114979999999,19.9351245
12,50.0782973,19.920939,50.07632515,19.92070981592218
13,50.27721010000001,19.1117766,50.2774821,19.1119751
14,52.20327329999999,20.9774618,52.20336735,20.977475875998216
15,50.0273212,19.9190815,50.0270822,19.91872515
16,54.569029,18.411894,54.5699331,18.4141422
17,52.393708200000006,16.898515399999994,52.3937795,16.8987303
18,52.3917903,16.9519304,,
19,52.2699917,20.9633158,52.26994715,20.963366115873868
20,52.231003,20.994546499999988,52.2311976,20.994808268435946
21,51.325278000000004,22.68,51.3276133,22.676323
22,52.76443099999999,15.240414999999999,52.76448539999999,15.240477800000004
23,52.7146438,15.2468571,52.71832735,15.251858836565768
24,52.3899055,16.8646956,52.3899377,16.8645961
25,52.36709000000001,16.912627,52.3671406,16.9125697
26,52.2356197,21.0855803,52.235515,21.084485
27,53.40930119999999,18.425204100000002,53.4094226,18.4249694
28,50.0783924,19.8923158,50.07832915,19.892268067936925
29,50.060246299999996,19.9201062,50.06040885,19.92001581251686
30,52.465272899999995,16.911507,52.46524875,16.911564068596743
31,50.92418989999999,17.3025643,50.92420385,17.302578817917205
32,49.788843799999995,22.7638333,49.78884975,22.763838844372525
33,52.30493060000001,20.993739899999998,52.304903,20.993728
34,50.0906686,19.9598385,50.0844831,19.9533098
35,50.043507500000004,19.9284837,50.04352795,19.92850644785417
36,52.18975229999999,20.962946600000002,52.189804,20.96278
37,52.4129368,16.9410612,52.4129458,16.940993600000002
38,50.103433700000004,20.011796899999997,50.102822,20.011952
39,52.18093629999999,20.996812300000002,52.1809639,20.9967825
40,51.78680000000001,19.4165,51.786758,19.416444
41,50.3797299,19.189898,50.3784258,19.189491
42,52.2409203,20.904731899999998,52.24098005,20.904888608383864
43,52.4115159,16.830466,52.4115917,16.830461
44,53.125752,23.204945000000002,53.125754500000006,23.204949600000006
45,50.0329221,21.9772158,50.0329221,21.97721578272166
46,50.0458195,19.948478,50.0458412,19.9485246
47,50.9044171,15.719361600000001,50.914544,15.734329999999998
48,52.14851549999999,20.994961399999998,52.2051798,21.0232479
49,50.0927211,19.935945899999997,50.0928065,19.93589523779395
50,54.47198599999999,18.491636800000002,54.472063,18.4917098
51,53.9045426,14.227379199999998,53.90451615,14.227347391135108
52,49.811459,19.0292168,49.81148705,19.029202559737197
53,51.0522018,17.0161296,51.08750135,17.017759810302735
54,53.1291953,18.0076293,,
55,52.4207739,16.8877727,52.4207994,16.8877603
56,54.54162700000001,18.463669,54.54167760000001,18.463695
57,53.90998099999999,14.251225,53.9100106,14.2512706
58,52.38728769999999,16.799882399999998,52.38813,16.80184
59,52.223445,16.830458,52.2234776,16.830518669606988
60,50.0001204,19.912307000000002,,
61,50.29773400000001,19.13109,50.2977394,19.131073178476363
62,54.51614,18.5336451,54.5161515,18.53363275
63,52.236734399999996,20.9439935,52.236752,20.944106
64,52.385450899999995,16.857007,52.385486,16.856990399999994
65,52.3712859,16.817487399999994,52.37165,16.81718
66,52.3936179,16.9159844,52.3928033,16.916960500000002
67,52.365068,16.803746,52.36507,16.80366
68,54.568445600000004,18.3952845,49.8363645,19.9334695
69,50.025853999999995,19.928352,50.0257775,19.9283525
70,52.38287800000001,16.916608899999996,52.3827974,16.9166167
71,52.272081899999996,20.951805800000002,52.271774,20.951561
72,52.3845688,16.8872799,52.3844852,16.8874275
73,52.37810529999999,16.7496506,52.37776,16.74969
74,52.2390599,20.988364899999997,52.2389929,20.988843600000006
75,51.149287,23.4565997,51.14936270000001,23.4560639
76,49.9293768,19.0094064,49.9109749,19.0058932
77,50.082476299999996,19.9683515,50.0824777,19.96834809168748
78,52.249472,21.101101899999996,52.249471,21.101086
79,52.4697081,16.8986832,52.4699377,16.898694600000002
80,52.19680770000001,20.9513332,52.196367,20.951238
81,48.3574731,9.9869207,48.3575189,9.9868714
82,52.23960109999999,20.926640399999997,52.239896,20.926685
83,50.015110899999996,19.955613699999997,50.01515745,19.955353191318952
84,54.120495999999996,17.9707392,54.120432,17.970872
85,52.46162800000001,16.875453,52.4615657,16.875479199999994
86,52.39693010000001,16.876915,52.396364,16.8761578
87,52.39162109999999,16.9523087,52.396172,16.916073
88,52.3644632,16.8274275,52.36446,16.82743
89,52.429021999999996,16.927461800000003,52.42927589999999,16.9276552
90,51.348924,22.632914000000003,51.34895125,22.63287973898305
91,52.3927414,16.8657099,52.3927484,16.8656257
92,52.3415342,16.841270899999998,52.3408004,16.842255899999998
93,52.2429956,20.945809699999998,52.242946,20.945036
94,52.22363170000001,20.9405371,52.22360225,20.94054452055711
95,52.1998399,21.029478,52.199586,21.030174
96,50.058195,19.964605,50.0582319,19.964676500000003
97,52.40488660000001,16.863070399999998,52.40456965,16.862714887039072
98,51.2752561,22.5056586,51.2752311,22.5056837
99,53.3721179,14.472932,53.3791269,14.4711436
100,49.96245099999999,18.943357000000002,49.978135,18.945627
101,51.2211961,22.55808,51.2216592,22.5575518
102,53.9080632,14.2457807,53.90928,14.250595
103,54.49547140000001,18.543025,54.49554499999999,18.542849
104,52.4069881,16.8241688,52.4070224,16.8241485
105,51.730056899999994,19.615946899999997,51.73007670000001,19.6160132
106,53.11743329999999,23.074809600000002,53.11741025,23.07480505564844
107,53.142416000000004,23.131169,53.142408700000004,23.13114684418216
108,50.070282,20.014208,50.0702313,20.0140703
109,50.06767070000001,19.9119125,50.06764825000001,19.911967673781113
110,50.0888234,19.9763218,50.0887784,19.97631678344233
111,54.376568999999996,18.584910100000002,54.3769493,18.583093128477714
112,53.122630900000004,18.0084192,53.12270039999999,18.00832895983872
113,52.44713470000001,16.726121900000006,52.44714235,16.726125270763525
114,52.43874,16.928655199999998,52.4387302,16.928742390967237
115,52.2352099,21.1087073,52.235257,21.108683
116,53.431323899999995,14.516205,53.4312623,14.5162684
117,50.0888234,19.9763218,50.0887784,19.97631678344233
118,52.17135039999999,21.0306109,52.171297,21.030492
119,52.28667189999999,21.096625,52.286692,21.09661
120,52.159521999999996,21.067531600000002,52.159898,21.067492
121,52.40661,16.875635,52.4065555,16.875694199999998
122,52.234182200000006,20.9164918,52.234200200000004,20.916451154812282
123,53.9127909,14.241240099999999,53.559673,20.990474
124,51.7754518,19.476226399999998,51.77554515,19.47634888849209
125,51.7102999,19.4912,51.70269615,19.61627225
126,50.055881,19.9182879,50.05597075,19.91826800745436
127,53.719831000000006,20.4664389,53.729619400000004,20.493988212373818
128,53.46351989999999,14.553367999999999,53.4634657,14.553691088857489
129,50.2451434,19.0376401,50.2598987,19.0215852
130,50.050999499999996,19.9274468,50.0510044,19.9275373
131,50.0936324,19.9237915,50.0936364,19.9237272
132,53.4778938,14.540804699999999,53.47793045,14.54051688066786
133,54.566324800000004,18.4017456,52.509398,16.254601
134,52.0909753,16.6296166,52.09096815,16.629658528843063
135,52.374395899999996,16.838980300000006,52.366155,16.806652
136,52.42883262960349,16.91739901900291,52.42870125,16.91743620854809
137,52.38426639999999,16.823887399999997,52.3842388,16.8239695
138,53.72692979999999,18.937566,53.724725,18.940163
139,54.50747679999999,18.5407484,54.50749695,18.540737565598647
140,52.18530300000001,20.9939742,52.185306,20.993628
141,52.2574631,20.9622648,52.2575919,20.9623969
142,53.43311,14.545573000000001,53.43309185,14.54557722842665
143,50.809778200000004,15.762397199999999,50.80989895,15.762048077360609
144,52.3839634,16.8635316,52.3838937,16.8634232
145,52.3812159,16.889036899999994,52.3811878,16.8890806
146,52.4129368,16.9410612,52.4129458,16.940993600000002
147,54.12282800000001,17.9760289,54.1228918,17.9761586
148,52.42600909999999,16.915950100000003,52.4260791,16.9159286
149,52.2262889,21.0275061,52.226328,21.02743
150,52.2615427,20.9132767,52.2615741,20.9133827
151,50.197430600000004,18.9806066,50.19744005,18.980644315635747
152,52.2296756,21.012228699999998,52.1601233,21.0272636
153,50.858242,17.474798999999994,50.85821995,17.47485729895967
154,50.0561979,19.9662411,50.05601465,19.965693260233852
155,51.13191920000001,23.4750213,51.132212,23.47494
156,54.49703,18.542168,54.4971,18.542289
157,52.337979,20.947424899999998,52.338093,20.947587
158,52.87684,20.6156115,52.87649,20.61523
159,53.1385958,23.141327899999997,53.13858745,23.141423814598884
160,52.378985,16.915817899999997,52.379093,16.9154487
161,52.1339996,21.062079100000002,52.13483,21.063792000000007
162,52.2821654,20.9753102,52.282151,20.975248
163,51.40192769999999,21.1454715,51.4019758,21.145446
164,50.2758461,19.0111097,50.27585685,19.011132818541785
165,51.11926010000001,23.471273800000002,51.1190004,23.4716219
166,52.4038632,16.865865799999998,52.4042276,16.865664000000002
167,52.2224732,20.9347657,52.22207589999999,20.934334944071985
168,52.3436138,16.8846272,52.34376,16.88468
169,52.4062091,16.996527899999997,52.4062005,16.996389183848482
170,52.3893778,16.9903613,52.389451,16.990326
171,50.07679160000001,19.9601008,50.07671475,19.960074495075887
172,52.4410446,16.942491,52.43680500000001,16.94157462163259
173,52.130693900000004,21.0572953,52.13064,21.057296
174,54.4453323,16.9722801,54.4453323,16.9722802
175,51.70818910000001,19.445749600000006,51.7081292,19.4457822
176,53.395996600000004,14.628787599999999,53.39621765,14.628485953420086
177,50.04735050000001,19.9288248,50.0472876,19.928697822484512
178,53.3707179,14.440439000000001,53.37072795,14.440393274251024
179,52.4121217,17.0922914,52.41214,17.09244
180,50.0473757,19.923461899999996,50.0472266,19.923655
181,52.1506497,21.025554100000004,52.150699,21.0254982
182,51.1188979,16.949033,51.1187384,16.9491302
183,52.4053608,16.9219699,52.40535300000001,16.9225109
184,52.245329,21.2613,52.245227,21.260671
185,50.1029651,20.015624300000002,50.10237535,20.017696086291465
186,50.2251493,18.988588,50.22481079999999,18.9894378
187,52.40972,16.9328319,52.40970055,16.932987047940443
188,52.4016094,16.864516000000002,52.4015222,16.864312388633326
189,50.0809474,20.004074,50.080926,20.004197
190,52.0768444,17.010686899999996,52.07720665,17.010760172528244
191,52.4645792,16.918800100000002,52.464508,16.9188609
192,52.4673363,16.9397769,52.410739,16.928969
193,52.169523100000006,21.0076285,52.169063,21.007402
194,50.07130910000001,19.900319600000003,50.0713028,19.90039500288051
195,52.43783060000001,16.9277762,52.43765875,16.927745529071537
196,51.0715391,17.034073,51.0716667,17.0340404
197,51.7386,19.5754223,51.738603499999996,19.575409430140702
198,52.3921939,16.9181435,52.392129,16.91814
199,52.2416537,21.0855186,52.241544,21.085633
200,50.069776899999994,19.976264899999997,50.06985570000001,19.976352030643934
201,52.408463399999995,17.058573000000006,52.311274,17.162539000000002
202,53.724769499999994,18.925207699999998,53.72485185,18.92528785524989
203,53.150760999999996,18.12916,53.1507579,18.12908490699913
204,52.4451535,16.954522,52.4450864,16.9511354
205,52.23432159999999,21.1025323,52.234548,21.096472
206,50.28483929999999,18.729132800000002,50.2848607,18.729115300000004
207,50.2810984,18.965242899999996,50.281131,18.9653010465623
208,52.22937870000001,20.982438300000002,52.229438,20.982348
209,52.3922402,16.915488600000003,52.3921853,16.915774300000002
210,54.38967370000001,18.572377499999998,54.38967685,18.572377418692763
211,53.8977899,14.2303342,53.8977573,14.230349430945294
212,52.142466299999995,21.0326576,52.142616,21.033254
213,49.972507,19.839272,49.972767,19.839204
214,52.346948,16.852432,52.346791,16.852518
215,52.3121045,21.0274796,52.312223,21.027286
216,52.36564139999999,16.816256600000006,52.36558895,16.81632177130334
217,52.351692,17.0205021,52.3517071,17.0205241
218,54.51843620000001,18.5578212,54.48963000000001,18.547783
219,52.244119,21.086506,50.737574,22.079701
220,52.75981450000001,15.2513949,52.76004860000001,15.2508275
221,52.217569,21.0045008,52.091539,15.621054999999998
222,52.1301992,21.0651996,52.13024,21.065835
223,53.7441395,20.489953699999997,53.744087300000004,20.48999879110201
224,52.1558699,20.9999992,52.1558436,21.000212638699907
225,49.7831367,22.7757479,49.7831119,22.776146668667153
226,54.3565113,18.5122345,54.35654185,18.512270852358693
227,53.910183999999994,14.246256400000002,53.903951,14.259256
228,50.06681649999999,19.9256289,50.0668313,19.925562
229,50.0776614,20.0225225,50.077711,20.022559575813702
230,52.3706927,16.9061237,52.3707626,16.9060975
231,50.0777817,19.994661100000002,50.0781143,19.9946235
232,52.73742900000001,15.2488051,52.73742225,15.248837137107987
233,53.41221329999999,14.527232999999999,53.41227475,14.5272092
234,50.0890193,19.9769931,50.08887175,19.977047638329093
235,50.0830978,19.9370958,50.083088,19.9374321
236,50.077613899999996,19.898098,50.07759265,19.89808149168147
237,51.689586,19.413231,51.6895451,19.41326610517028
238,50.04495499999999,21.956689,50.0449615,21.956666810454358
239,50.0892401,19.9183077,50.08920765000001,19.918343083977405
240,54.4933015,18.539232300000002,54.5008168,18.5360392
241,52.1706755,21.0249118,52.170866,21.024978
242,52.19646419999999,20.950561399999998,52.196426,20.950682
243,52.1561406,21.0193615,52.156173,21.019246
244,52.3888799,16.861517300000006,52.388907,16.8615343
245,50.7625494,15.8909921,50.7636262,15.885300199999998
246,52.4315904,16.784972800000002,52.4316329,16.784732750000003
247,50.07261099999999,19.9775043,50.07388810000001,19.97542712741584
248,54.4543618,16.973553699999997,54.45436175,16.973553684581066
249,52.22759800000001,21.09011,52.227559,21.0900058
250,50.08736939999999,19.9319055,50.087105,19.935054
251,52.1692687,21.019220100000002,52.169482,21.019289
252,50.0378584,19.9400141,50.037816,19.940057
253,50.07598309999999,19.9014869,50.0760403,19.90160938334297
254,49.914398999999996,19.004019,49.9144006,19.0039882
255,54.5464517,18.4688033,54.546402,18.469299
256,52.409918299999994,17.0795365,52.40988845,17.079503222812367
257,51.91545869999999,15.560425899999998,51.912494,15.567583
258,50.7768609,16.2755629,50.7768698,16.275629544996427
259,54.4068601,18.631446,54.40680075,18.631443723391182
260,52.2484124,21.0629178,52.248275,21.063446
261,53.3435693,15.046371300000002,53.34286460000001,15.045783800000002
262,52.3023277,20.9317915,52.30228685,20.931758759897487
263,50.040392499999996,19.9234802,50.04030835,19.923549788592233
264,53.9100327,14.2475775,53.912509,14.251849800000002
265,50.049222799999995,19.987835600000004,50.0513968,19.991863100000003
266,52.290636,20.940389800000002,52.29063,20.940254
267,53.40479499999999,14.4989209,53.404768,14.499013
268,52.2296756,21.012228699999998,52.174445,21.084885
269,53.1311137,17.9993798,53.13112875,17.999228951285954
270,50.029421899999996,19.97099,50.02943385,19.97099079531845
271,52.1556019,21.034589,52.1312733,21.0659611
272,50.208761100000004,18.966136499999998,50.20876105000001,18.966136548941016
273,52.1315908,21.0630077,52.131561,21.063035
274,50.196013,19.042881,50.19603825,19.042873708840254
275,50.06465009999999,19.9449799,50.061668,19.99089
276,49.7966247,22.7610248,49.79661645,22.761041189245248
277,52.39096139999999,16.8375219,52.3909394,16.8375063
278,50.273853300000006,19.010101300000002,50.2740889,19.010274122945408
279,50.28301,19.122623899999997,50.28303735,19.12260557396934
280,51.728137,19.5425822,51.72768,19.5424982
281,50.0840284,19.934405399999996,50.0837014,19.9344457
282,52.4482189,16.874637,52.4482017,16.874576899999994
283,52.36488170000001,17.003278100000006,52.3647154,17.006112899999998
284,51.0710148,16.9799311,51.0690285,16.9794191
285,52.2760323,20.9138125,52.2760938,20.9136833
286,54.5495502,18.523810100000002,54.5507295,18.5239765
287,52.73886599999999,15.242583999999999,52.7531301,15.2607304
288,50.0159092,19.9780244,50.041142,19.959529
289,49.98882879999999,20.1069982,49.8343351,19.3436517
290,52.1560128,21.050444600000002,52.155804,21.050512
291,50.8928312,15.707738800000001,,
292,51.2352086,22.5848441,51.2354535,22.5840693
293,50.0712582,19.9015429,50.071261,19.901523815
294,52.218482,21.1148985,52.218516,21.114858
295,50.077275799999995,19.1717999,50.0772814,19.1717995
296,52.373488200000004,16.841026,,
297,52.15451909999999,21.072954100000004,52.1546273,21.072609
298,52.3801429,16.917575,52.3801877,16.917631699999998
299,53.1543042,17.963897,53.12209100000001,18.01434
300,50.0267248,19.9151163,50.02665,19.9148897
301,52.303936,16.9110921,52.3037929,16.910852277666727
302,53.1497875,23.1131053,53.1497835,23.1130685878924
303,52.099461100000006,21.0279111,52.09945,21.02793
304,50.4391906,18.8665603,50.4392068,18.8665296
305,50.34472890000001,19.1483177,50.34562920000001,19.1442921
306,51.7494284,19.4992915,,
307,52.3612696,16.861268300000006,52.3608665,16.861255899999996
308,51.242516200000004,22.5532142,51.2424092,22.553201174271933
309,50.07769219999999,19.892153600000004,50.077603,19.89200338417529
310,54.5047912,18.5472932,54.505364,18.547375
311,51.2452431,22.543283300000002,51.2452444,22.543336844798606
312,52.459576,16.943016,52.45947685,16.943092696545893
313,52.3773565,16.9166079,52.37762100000001,16.916484
314,51.44217860000001,7.01796,51.4421701,7.0180208006703095
315,50.07130910000001,19.900319600000003,50.0713028,19.90039500288051
316,52.2591153,21.0365837,52.237695,21.005427
317,54.553295999999996,18.5129128,54.553320400000004,18.512959327222227
318,50.073437299999995,19.915114300000006,50.07334270000001,19.9153982
319,52.761989,15.25415,52.761999,15.254172
320,50.0866633,19.9456241,50.0867075,19.945973050358
321,52.404157500000004,16.877791199999994,52.40474,16.885929
322,52.352723600000004,16.9468063,52.35556,16.943118
323,52.400346,16.872757,52.4003662,16.872743
324,50.0202262,22.005296100000002,50.019992,21.99918
325,52.1946087,20.9928617,52.194629,20.992821
326,50.0457623,19.990604,50.04438304999999,19.9899479594224
327,50.09084779999999,19.950035699999997,50.0907022,19.9500417525778
328,51.132982,23.469070000000002,51.133013,23.469119
329,52.07874899999999,16.6647141,52.07872445,16.66480436241624
330,50.06686089999999,19.939854,50.0668483,19.9399094
331,52.36403869999999,16.8060372,52.37292,16.82092
332,52.21220200000001,18.256183,52.21222535,18.2561459
333,52.2544701,20.9139612,52.254525,20.913999
334,52.233399151395986,20.970610119402405,51.970779,20.458007
335,52.4069099,16.9376082,52.4069057,16.937563186889278
336,52.23426629999999,21.1119746,52.220192,21.250108
337,54.342202,18.565205,54.34217935,18.56513662436185
338,52.186498799999995,21.0602571,52.186428,21.059496
339,54.514124,18.533356,54.5141819,18.53396986176449
340,53.426866000000004,14.537909900000002,53.42663390000001,14.538003611413565
341,52.225285,21.018842000000006,52.225335,21.018882
342,52.76347790000001,15.262932000000001,52.763313,15.262928
343,51.0519261,17.0562483,51.0518136,17.056303500000002
344,51.75961050000001,19.451350899999998,51.7595979,19.4514506
345,52.18530300000001,20.9939742,52.185306,20.993628
346,50.08352100000001,19.914959,50.084153,19.91538
347,52.156807,21.0304567,52.156767,21.030564
348,52.4607594,16.9260282,52.4607998,16.925996100000006
349,50.8499843,17.4672793,50.8499591,17.46729084498141
350,50.0206379,19.8887464,50.02170170000001,19.888722905126823
351,52.244104,21.0734348,52.243884,21.073461
352,52.2406643,20.9096367,52.241068,20.900635
353,50.1984305,18.9648103,50.1986113,18.9646681
354,52.13188510000001,21.072311300000006,52.131923,21.072381
355,52.7342046,15.233422599999999,52.73421550000001,15.233453446354089
356,51.7406499,19.4134919,51.7406074,19.4134611
357,52.33331679999999,16.807157399999998,52.33353555,16.807301751134965
358,52.2224904,20.9388031,52.2255912,20.9478364
359,52.1534582,21.0459529,52.153494,21.046002
360,51.6715347,19.358684600000004,51.671539,19.358697
361,52.40285170000001,16.866448499999994,52.3958369,16.8627283
362,50.07493909999999,19.9677785,50.07499575,19.96793275955731
363,50.04451599999999,19.9228488,50.0445049,19.9227509
364,52.4014751,17.073038699999998,52.401456,17.073079
365,54.122166,17.979238,54.12217375,17.979291897700293
366,52.72586,15.244269000000001,52.727138,15.244121599999998
367,52.1916109,21.0069098,52.191554499999995,21.00685665944968
368,52.22784040000001,20.8902265,52.22803560000001,20.8901521
369,51.2220958,22.5057577,51.22207335,22.50576805049224
370,51.9521459,15.502528400000001,51.9521184,15.502452501602194
371,53.13093620000001,23.198611899999996,53.13090915,23.198718587234808
372,52.3522041,16.8385922,52.35233375,16.838603144783285
373,52.1980787,21.034797,52.198086,21.034899
374,52.41809790000001,17.0798514,52.4180273,17.07995517276251
375,50.08394329999999,19.904789,50.08409315,19.904974963221875
376,52.378323200000004,16.9703509,52.378442,16.970399
377,53.10784260000001,23.118146,53.1077399,23.11786386892122
378,52.48109789999999,16.881404,52.48113000000001,16.881420000000002
379,51.934475,15.475598199999999,51.9322796,15.4775327
380,51.36050170000001,22.6347638,51.3274685,22.6009127
381,49.7680636,22.806336899999998,49.7665057,22.806488896393837
382,52.2011845,20.9210389,52.201171,20.920973
383,54.38576510000001,18.5872737,54.3857642,18.587369474019987
384,53.1933079,18.034141,53.1933397,18.0340932
385,50.2224859,18.957436899999998,50.2223956,18.95748735799103
386,49.9699961,18.9566204,49.9696395,18.9559302
387,52.73237760000001,15.2040766,52.73246715,15.204301655548274
388,52.0819661,16.9991849,52.0814841,17.0001867
389,50.06795870000001,19.922977600000007,50.0679517,19.92302978688288
390,54.507121,18.5374119,54.50713445,18.537446882605416
391,53.39432979999999,18.384949600000002,53.39440995,18.38485316975517
392,52.2403846,20.9418628,52.240656,20.94168
393,53.73912439999999,18.946529199999997,53.739150699999996,18.946503801862647
394,50.2600888,19.050524199999998,50.26005185,19.050884909538905
395,54.38982499999999,18.580664000000002,54.403657,18.5648448
396,53.38084170000001,14.6348495,53.38085940000001,14.6347483
397,50.9015935,15.7712021,,
398,52.26229799999999,20.9806563,52.26217425,20.980707987157835
399,51.75471710000001,19.5527448,51.754875,19.552767000000006
400,52.4095931,16.830731600000004,52.409591,16.8306943
401,52.212709000000004,21.020545300000002,52.237695,21.005427
402,52.1926174,21.0541725,52.192626,21.054162
403,52.3441856,16.7785579,52.3386795,16.8014693
404,51.0490153,16.1910436,51.04904565,16.19097622617086
405,54.123686,17.9768865,54.12367345,17.976878696840068
406,54.3927246,18.5804441,54.39264035,18.580360844354264
407,52.241727000000004,20.948021,52.241737,20.948465
408,52.1637901,21.0794092,52.163824,21.079272
409,51.0687702,16.9807038,51.068722,16.9806307
410,50.040956200000004,22.012204399999998,50.040950050000006,22.012462444904564
411,52.387414,16.8503059,52.38733920000001,16.8503306
412,50.2452859,19.028243,50.2451991,19.028558117492786
413,50.040967200000004,19.9543226,50.0409672,19.9543226
414,52.2467826,21.0815435,52.246787,21.0815
415,53.42698559999999,14.553023600000001,53.4269406,14.5529682
416,50.03764109999999,21.9817473,50.03762905,21.981808170404417
417,50.0448838,19.9513247,50.0448838,19.9513247
418,53.15625720000001,18.102484399999998,53.156074200000006,18.102041
419,52.312391999999996,16.9382637,52.31237785,16.93827701641221
420,52.378862700000006,16.8628744,52.3787846,16.8623834
421,49.917035399999996,18.993021300000002,49.91689829999999,18.9933555
422,49.9850907,18.955372699999998,49.98509065,18.95537273448853
423,52.2814369,20.903246,52.2814254,20.9032205
424,52.138109,21.0657953,52.13882125,21.066662738603963
425,52.248255,21.046793700000002,52.249011,21.046961
426,54.3927246,18.5804441,54.39264035,18.580360844354264
427,52.179169200000004,21.0304065,52.17922135,21.0305772616144
428,51.124080600000006,23.4651222,51.1241124,23.4650354
429,52.386146999999994,16.886741,52.386098,16.886682999999998
430,52.2959196,20.941532100000003,52.29577000000001,20.94145
431,52.17582789999999,21.019453,52.175772,21.019495000000006
432,52.351342700000004,16.8606793,52.351195,16.856815
433,50.04044709999999,21.9527932,50.0404775,21.95299796734877
434,52.4056065,16.7418843,52.40559,16.74195
435,52.323079299999996,16.9245905,52.3230761,16.924569899999998
436,50.25480039999999,19.041660500000006,50.254682,19.042035
437,49.9134325,19.005307100000003,49.912152,19.013281
438,52.3988339,16.9063711,52.3990488,16.906168
439,53.3144858,15.035751600000001,53.314491000000004,15.035881059710837
440,49.96924689999999,19.140242899999997,49.983294,19.147295
441,52.24187815,21.09846682505189,52.241802,21.098996
442,52.22203469999999,20.928974899999996,52.221834,20.929395
443,52.2567543,20.926837300000006,52.25682790000001,20.926849776267648
444,54.4793394,18.530811800000002,54.479459,18.530859
445,52.2403463,21.0186012,54.8615711,-2.3933063
446,51.9392224,15.5121745,51.93931,15.513372
447,49.975984499999996,18.944409699999998,49.9759874,18.94427486773269
448,52.46268979999999,16.9207622,52.4626677,16.92074525077531
449,49.9769119,18.9483949,49.97697455,18.948454765510238
450,52.4417244,16.93786,52.4409345,16.93803006860655
451,52.409763700000006,16.9026845,52.4094354,16.9026268
452,51.03876100000001,16.106772,51.0436307,16.1123125
453,52.7206236,15.2267106,52.7206946,15.2267191
454,53.4145659,18.4492175,53.4125552,18.44837529612465
455,53.107524,18.03846,53.1069696,18.0392153
456,52.418648600000004,16.9638799,52.4186486,16.9638799
457,52.240094899999995,20.9032022,52.239525,20.902784
458,51.984840999999996,20.1629371,51.98482960000001,20.162915100000006
459,50.07986870000001,19.9944053,50.07960175,19.994984602943696
460,52.3725171,16.9001169,52.372711,16.9001966
461,54.5709321,18.4005634,54.57090899999999,18.40059
462,53.336726899999995,14.434829,53.3512,14.4821
463,51.064335,16.9964182,51.0643977,16.9963726
464,52.3766628,16.8811184,52.376758,16.8809045
465,51.12020510000001,15.8184095,51.363456,16.624781
466,53.443492000000006,14.500022,53.4434758,14.5000253
467,52.4114006,16.9253621,52.411438,16.925348
468,52.2889218,17.868264800000006,52.28902245,17.868161378313545
469,49.9995024,19.8933705,49.99942275,19.893544667813877
470,52.4114751,16.873442899999993,52.41147315,16.873437718658618
471,54.384764000000004,18.592659899999997,54.384849,18.592616
472,51.2232283,22.531530800000002,51.2232562,22.53153971957732
473,50.057961,19.917098499999998,50.071711,19.88443
474,52.415349400000004,16.923188,52.41537039999999,16.923259254515788
475,52.72301599999999,15.195732399999999,52.7229171,15.197828
476,50.027223600000006,19.913881699999997,50.0272698,19.9139692
477,50.3909625,19.0164061,50.3915476,19.0163109
478,49.990941,20.954067000000002,49.99095405,20.95399223465256
479,50.911895,15.7717179,50.9118745,15.7716091
480,52.23721,20.9833569,52.236995,20.983242
481,52.200649799999994,21.007076100000006,52.201043,21.007716
482,52.2366463,20.9690779,52.236662,20.968915
483,52.17392589999999,20.997656699999997,52.17397115,20.99756592660581
484,51.0534069,17.059806899999998,51.0534064,17.0598461
485,52.18122100000001,20.995096899999997,39.738369,-105.023622
486,49.91412529999999,19.0044268,51.112578000000006,20.866456
487,50.2019003,18.9888775,50.20190025,18.988877458412645
488,50.2664469,19.0181578,50.2664513,19.018226051419408
489,50.0318141,19.9133309,50.03181405,19.913330908478734
490,52.19385150000001,20.9413802,52.194715,20.940327
491,51.78775220000001,19.4485688,51.7877011,19.44855608807578
492,52.3312276,16.9172079,52.3313409,16.9156891
493,50.9413725,17.2941199,50.941475,17.294079999999994
494,52.207601600000004,20.9327177,52.20753000000001,20.93287953206275
495,49.969886100000004,19.8315487,49.96990270000001,19.831613851842587
496,50.07286320000001,19.9755039,50.073174,19.974116
497,50.320862,19.073377899999997,50.32085175,19.073407301190397
498,50.00882410000001,19.9549809,50.00913105,19.95545230073917
499,50.9490351,17.282061600000002,50.949045,17.2820607
500,52.245873100000004,21.062550899999998,52.246394,21.061782
501,51.75765300000001,19.555985,51.7584121,19.5570743
502,51.052023999999996,17.054393700000002,51.0520241,17.0543938
503,52.35824299999999,16.848498,51.5384116,19.8694057
504,50.271679799999994,19.0225959,50.27163835,19.02256637570359
505,52.394039899999996,16.7817371,52.39406,16.781760000000002
506,54.1216892,17.972055800000003,54.1212458,17.9747413
507,52.282154,20.9525109,52.2821845,20.95239
508,52.2712953,20.9617897,52.270956,20.961373
509,52.2573292,20.9725507,52.25679,20.97219
510,50.1820867,18.939928600000002,50.183691,18.950844
511,50.002106299999994,20.0495546,50.00350375,20.0492267
512,50.039941999999996,19.237930600000002,53.116167,18.028375
513,52.2289847,21.1074222,52.22921229999999,21.107558498285073
514,52.1350513,21.0667702,52.135305,21.066453
515,50.0777817,19.994661100000002,50.08135225,19.99237542513086
516,52.1549821,21.0445477,52.154965,21.044505
517,53.1332787,23.127257999999998,53.13339655,23.128142161569986
518,52.2388948,20.936197699999997,52.238333,20.935352
519,51.0808309,17.0459145,51.0808484,17.0459691
520,52.1550075,21.078081,52.155177,21.077996
521,54.5519348,18.457171,54.55199150000001,18.456719600000003
522,52.23485059999999,21.067163,52.234391,21.066401000000006
523,52.393694399999994,16.919977600000006,52.3937498,16.9206368
524,52.44059739999999,16.7345,52.44069595000001,16.73445097501493
525,53.41253929999999,14.5419147,53.41254175,14.541883595200524
526,52.3815059,16.9587,52.3815414,16.958746899999998
527,52.14703009999999,21.049041,52.1572566,21.0328115
528,53.91016800000001,14.2532272,53.91014860000001,14.253314199999998
529,50.04471359999999,19.959854,50.062394,19.917408
530,52.1755588,21.0860317,52.175659,21.085791
531,50.2416411,19.028154699999998,50.2414312,19.0285028
532,51.3657338,21.197133100000002,51.365777,21.197165
533,52.72826170000001,15.2412236,52.7282877,15.2412167
534,52.18488259999999,20.9897687,52.185246,20.9894546
535,52.481834000000006,16.8632819,52.4819797,16.861751100000006
536,54.36401,18.460700699999997,54.3639785,18.461162279434426
537,53.15477729999999,23.1300013,53.15481850000001,23.129851469444556
538,50.94259899999999,17.259370999999998,50.9426155,17.259375511464093
539,52.41000800000001,16.883665,52.4100405,16.883656792107605
540,52.34608220000001,16.865119,52.34608215,16.865119037830052
541,52.2374406,20.9434618,52.2374524,20.94345367575216
542,52.379247,16.9164258,52.37923660000001,16.916425600000004
543,51.76006839999999,19.4551829,51.760084,19.454978
544,52.16633290000001,21.014530899999997,52.1663659,21.014560875653427
545,52.2443683,20.9228108,52.244072,20.923256
546,51.05319100000001,16.1963182,51.0531845,16.196348705406805
547,50.0241993,19.9223715,50.02404,19.922858
548,51.0831101,16.968590600000002,51.0830695,16.968601913140816
549,53.8947809,14.2242282,53.9076052,14.246189
550,52.232240000000004,20.914361,52.2322757,20.91433548063283
551,50.068416,19.911364000000006,50.068474,19.911411
552,52.383515100000004,16.857139800000002,52.3833052,16.8568345
553,50.064072100000004,19.9607631,50.064267,19.961216
554,50.06726920000001,19.9650673,50.06726915,19.965067259384245
555,52.73290229999999,15.222976199999998,52.73262020000001,15.2209059
556,52.417194200000004,17.1557526,52.41696,17.156979999999994
557,52.2102018,21.0606928,52.21065,21.060974
558,52.333032,20.97351,52.332278,20.971732
559,52.369771899999996,16.911702,52.3697968,16.911743677348067
560,53.3359671,15.0228049,53.3359713,15.022828564625245
561,52.24160699999999,20.8976139,52.241754,20.897917
562,51.25715289999999,22.56574800000001,51.2571127,22.565737453993385
563,52.32189400000001,16.883133899999994,52.321779,16.883604000000002
564,52.17671,21.061808600000006,52.237695,21.005427
565,52.203837799999995,20.8794792,52.20643,20.886756100000003
566,52.39250699999999,16.846805,52.3924323,16.8468513
567,50.9035133,15.774202599999999,50.9034922,15.774250929343019
568,54.407599,18.55967,54.4076009,18.5596706
569,52.383108,16.916785,52.3856947,16.917298100000004
570,52.1344886,21.0687395,52.13455455,21.06936538922496
571,49.790495299999996,22.7749753,49.790494,22.774967878724862
572,50.073981599999996,19.9354556,50.0701214,19.9269187
573,50.27850820000001,18.650647199999998,50.278546899999995,18.650507175237482
574,49.913326,18.9988632,49.91333715,18.9988332
575,50.4455995,18.8775419,50.4455742,18.8776924
576,52.2121584,18.253877300000006,52.211696,18.253677
577,52.2414734,20.9138174,52.241468,20.913854
578,52.439253,16.928073899999998,52.43915870000001,16.928031701842244
579,52.2585019,20.933227300000002,52.258375,20.933695
580,50.095058200000004,19.961885199999998,50.0950387,19.9619707
581,51.1238916,23.4689243,51.1238486,23.468913339972268
582,51.5883092,19.1603414,51.58830665000001,19.160363748715632
583,52.39281761230791,16.951840594410893,50.08652965,20.025588931759586
584,50.070030100000004,19.9266264,50.07002795,19.926581805487427
585,50.0721598,19.922256100000002,50.072137299999994,19.922240871366867
586,52.2443089,21.0971968,52.24442,21.096951
587,50.073981599999996,19.9354556,50.0701214,19.9269187
588,54.5034576,18.540326399999998,54.50348595,18.5402621620543
589,54.3646022,18.4776515,54.3641823,18.477786965546123
590,53.4405069,14.5485599,53.4405185,14.54853826943522
591,53.1289314,18.057467300000006,53.12897170000001,18.057523
592,50.0628463,20.0189387,50.0628659,20.0193852
593,52.46662779999999,16.9224883,52.4680532,16.921850827079393
594,50.073981599999996,19.9354556,50.0701214,19.9269187
595,50.28742370000001,19.1738486,50.2869742,19.17500153857229
596,53.4088755,18.447480600000002,53.4088025,18.447739824711537
597,52.2625744,20.9684531,52.262326,20.968436
598,52.2690732,20.9353451,52.26912335,20.935230993538305
599,52.244408899999996,21.2722654,52.2444153,21.27220498094237
600,50.0769485,19.9000668,50.07694855,19.900066775330405
601,52.3770468,16.9736484,52.3770508,16.973643799999998
602,53.4145659,18.4492175,53.4125552,18.44837529612465
603,52.2296756,21.012228699999998,50.4182194,19.7931863
604,52.2810084,20.9195297,52.2808,20.920395000000006
605,50.88505989999999,20.626198100000003,50.8849763,20.6263884
606,52.383108,16.916785,52.3856947,16.917298100000004
607,52.2876671,20.9507923,52.286497999999995,20.950189332698013
608,50.0589661,20.0242081,50.052652,19.987345
609,52.244991999999996,16.8488091,52.2450296,16.848791000000002
610,51.0807957,16.994931,51.0808151,16.9949986
611,52.3963654,16.9015595,52.3963534,16.9014487
612,52.394358600000004,16.8968854,52.3943784,16.89686042271399
613,50.9026136,15.733677599999998,50.920696,15.733247
614,51.2537296,22.530613100000004,51.25369225,22.530544849862753
615,50.073981599999996,19.9354556,50.0701214,19.9269187
616,52.22712420000001,20.9007242,52.22729655,20.90057037459208
617,51.95863989999999,20.1434573,51.9585013,20.143483045929774
618,50.298231,19.112123899999997,50.29818760000001,19.11216979356321
619,52.1390374,21.0406346,52.13916805,21.040605924618475
620,51.0755201,17.001745800000002,51.0755224,17.0017526
621,49.92875979999999,19.0118788,49.92878220000001,19.01188326964678
622,52.079193599999996,17.030204,52.071743,17.034111
623,50.0570655,21.9621753,50.0460218,21.9816466
624,52.39176639999999,16.902407500000002,52.3917182,16.902512100000006
625,52.169647,21.082857999999998,52.169676,21.082902
626,52.3773209,16.866033899999998,52.3779608,16.867114800000003
627,52.230385,21.012373999999998,52.23045045,21.012364168309183
628,51.736528,19.4836,51.7364755,19.48361525878716
629,52.28842419999999,17.854077399999994,52.2884548,17.854051199999994
630,50.00037589999999,19.8986431,50.0004214,19.8986778
631,52.22558739999999,20.997046899999997,52.22559355,20.996665584781308
632,52.2212811,20.9160637,52.222072,20.916265
633,50.9201679,15.7314459,50.9200744,15.731580492121699
634,52.3922402,16.915488600000003,52.3922997,16.9167405
635,52.195602,20.989420000000006,52.1956268,20.9894055
636,52.2414761,21.086470000000002,52.241512,21.086385
637,50.38088219999999,19.245964100000002,50.38084805,19.24585069750448
638,50.0424645,19.926895499999997,50.04247820000001,19.927117532973448
639,53.32525079999999,15.0140976,53.324601,15.0138661
640,50.046403399999996,19.9990285,50.0464034,19.9990285
641,54.557415,18.477756699999997,54.557338,18.478019089128413
642,54.1219353,17.979370899999996,54.1218745,17.9794096
643,50.06357360000001,19.931147699999997,50.063725,19.931069
644,50.014019299999994,19.8870353,50.01388595,19.886926040313444
645,54.5562043,18.5150773,54.5563152,18.515099
646,51.2232458,22.496560100000004,51.2232509,22.49658137424231
647,52.159493499999996,21.030461300000002,52.15929595,21.030279480090282
648,50.0905138,19.872081,50.09048705,19.87267002932969
649,54.38054770000001,18.6315275,54.3804873,18.631657396001767
650,50.073981599999996,19.9354556,50.073957899999996,19.935470578361233
651,52.20044650000001,21.005422699999997,52.20049175,21.00550130762711
652,52.2342063,21.0994298,52.233349,21.099424
653,52.390488,16.845875500000002,52.3907995,16.846853600000006
654,50.0631813,20.018934100000006,50.0632778,20.019345
655,50.9303547,17.3164968,50.93106,17.31806
656,52.16741529999999,21.0669608,52.16689,21.066056
657,50.905856299999996,15.7554339,50.9060935,15.7646288
658,52.390110799999995,16.9120714,52.3901347,16.9118867
659,52.40300999999999,16.89351,52.40276435,16.89357443132375
660,50.1988062,19.054019,50.1989871,19.05365674749535
661,49.98878679999999,20.9127473,49.9910847,20.902762600000006
662,50.2298213,18.9838656,50.22981295,18.98387544408421
663,50.82057860000001,16.3044746,50.8205969,16.304425492404174
664,53.72647779999999,18.9424497,53.72633810000001,18.942284571867503
665,52.27498370000001,20.949666399999998,,
666,54.124086,17.996907,54.12404,17.996933491451554
667,52.2801158,20.934222899999998,52.2803406,20.934354191287888
668,52.3914944,16.8711202,52.391441,16.871318
669,53.344246,15.012988,53.3441849,15.0130415
670,50.258956,19.014266,50.25903495,19.014305163577674
671,50.0206379,19.8887464,50.02170170000001,19.888722905126823
672,52.1975196,21.0499079,52.19722,21.049955
673,50.063314399999996,19.9273857,50.0633144,19.9273857
674,50.06376666844921,19.931142143905166,52.38844,16.802529999999994
675,52.2428701,20.9403957,52.237695,21.005427
676,50.0164748,19.909685999999997,50.0164748,19.909686
677,50.2567086,19.0320445,50.25681675,19.03206229136528
678,53.0345591,23.0841848,53.03699115,23.079805605673947
679,50.374579,19.022223699999998,50.37456185,19.022517798319647
680,51.4170483,6.9955283999999995,51.41703070000001,6.995545559936536
681,50.051169200000004,21.97418960000001,50.05122075,21.974194995574685
682,51.7731053,19.4818318,51.773117,19.481811478753954
683,52.179685600000006,21.0459488,52.179918,21.045675
684,49.96664999999999,20.607144,53.84621600000001,21.307863
685,50.782776,16.0281478,50.782421,16.029341
686,52.379876,16.837827899999994,52.37988789999999,16.837722600000006
687,52.152125399999996,21.0384669,52.152076,21.038523
688,54.405140044550606,18.602297008037567,53.78004010000001,20.5218982
689,49.90910239999999,19.0057294,49.908988,19.005914
690,50.4444218,18.8789933,50.444256,18.879804
691,50.03605020000001,19.9332493,50.036175,19.933140282035406
692,50.083932,19.9035048,50.08425275000001,19.90363131416904
693,52.3792866,16.746619199999998,52.3775536,16.7468549
694,52.2333795,20.987816100000003,52.236091,20.9980181
695,52.367799100000006,16.8783268,52.3678728,16.87840407266549
696,54.1216892,17.972055800000003,54.1212458,17.9747413
697,52.2234954,20.9463029,52.223831,20.945597
698,52.1719305,21.05425,52.171472,21.053086
699,50.873087100000006,20.624057699999998,50.8728738,20.6238871
700,49.9789434,20.0634569,49.978855100000004,20.06351236726785
701,52.734166099999996,15.235346400000001,53.04237895,15.303928969826634
702,51.44345269999999,6.9945414999999995,51.44346155,6.994554857445593
703,52.2930777,21.1277612,52.29301205,21.127756536074237
704,52.7146438,15.2468571,52.71832735,15.251858836565768
705,50.08345,19.9671831,50.083193,19.967395
706,52.7227198,15.1973315,52.7229171,15.197828
707,51.762625899999996,19.490662399999998,51.7624605,19.490613
708,50.0337752,19.937982100000006,50.0337686,19.93814317500145
709,52.3850302,16.8912063,52.3851802,16.8915784
710,53.1424084,23.1311766,53.142408700000004,23.13114684418216
711,49.9191972,18.9880833,49.9079878,19.002072
712,51.1186352,16.947971399999997,51.1185253,16.948138800000002
713,52.26229799999999,20.9806563,52.262602,20.98068
714,50.200972,19.0381773,50.20100795000001,19.03819076768939
715,52.232258400000006,20.9842694,52.232424,20.984284
716,54.115665299999996,17.959517,50.021802,19.984459
717,52.26229799999999,20.9806563,52.262602,20.98068
718,51.1504792,23.453677399999997,50.291611,18.944153
719,50.073431,19.915404000000002,50.07340125,19.91542874320114
720,51.1269468,17.048545,51.1268513,17.0485935
721,50.11716800000001,20.841134,49.9946617,20.0909495
722,53.3504529,14.475429,53.35018,14.47509
723,50.3796876,18.9358142,50.3797075,18.935828
724,52.20778789999999,20.964827300000003,52.207807,20.965085
725,49.9624659,20.599687,49.96243695,20.59962265025252
726,52.2296756,21.012228699999998,50.4182194,19.7931863
727,49.783829499999996,22.8066545,49.78391,22.806803
728,50.0870876,19.935450699999997,50.08753235,19.935678029325352
729,50.07880170000001,19.9815721,50.0788729,19.980346309430068
730,51.13816689999999,23.4568859,51.1382064,23.4568991
731,51.129558,23.472487,51.1295579,23.4724872
732,50.3935074,18.960389499999998,50.39350515,18.96043076293863
733,52.16741529999999,21.0669608,52.16689,21.066056
734,50.066962200000006,19.9199305,,
735,50.019268200000006,21.014955899999997,50.0233219,21.0136286
736,52.2042157,20.9527423,52.203858,20.952796
737,54.401625100000004,18.5899793,54.4016366,18.589716647094427
738,53.129441,23.153765,53.297672,23.226245
739,50.104195000000004,20.008773100000006,50.1043304,20.008713357596328
740,50.004983,19.8626171,50.00498260000001,19.86270139123469
741,52.223688,20.9467562,52.22446,20.946034
742,52.2450343,20.898198800000007,52.245179,20.898614
743,50.0457606,19.9668927,50.0457546,19.9668941
744,53.12445870000001,23.1775963,53.124639,23.177564
745,50.0796321,19.8952484,50.0796596,19.89528675014236
746,51.4344238,7.0304883999999985,51.43427415,7.030395611942412
747,49.808119700000006,19.0331372,49.80809975,19.033176641770044
748,50.0630182,19.980690399999997,50.06298375,19.980941092930642
749,50.24365299999999,19.015024,50.2436958,19.01532609164456
750,50.0222027,18.8936921,50.02221365,18.893667470016307
751,52.3923704,16.783424800000002,52.39236,16.7835
752,52.47136339999999,16.878564100000002,52.470575,16.875913600000004
753,52.2834935,20.931342,52.284012,20.931552
754,52.20746389999999,21.028829100000006,52.18572279999999,21.1871497
755,51.25107209999999,22.5298695,51.25115575,22.529540998703524
756,53.0137902,18.5984437,53.03223440000001,18.470089
757,50.44551729999999,18.8568702,50.4454591,18.8569892
758,52.386182700000006,16.864202300000002,,
759,52.2369934,21.2698197,52.2367115,21.2697515
760,52.290961700000004,17.8669392,52.29102675,17.86682010863636
761,52.2168341,20.8937838,52.216775,20.893892
762,50.0318523,21.9984253,50.03172865000001,21.99848385170409
763,49.92094969999999,19.0181155,49.92104385,19.018399180880465
764,51.45023320000001,7.031845,51.4502259,7.03182147252849
765,50.254508200000004,19.0616282,50.25440435,19.06194960955364
766,52.21170290000001,21.0509672,52.2319581,21.0067249
767,50.296831,19.032162,50.2968276,19.0321459
768,52.39429000000001,16.895376000000002,52.3943414,16.894909600000002
769,52.40416370000001,16.8643289,52.4040295,16.8642014
770,52.2643844,16.9063866,52.2644338,16.908263100000006
771,52.21765869999999,21.1396445,52.217712,21.139688
772,50.26502,18.9936663,50.26498255,18.993676339653607
773,52.27086689999999,20.9717685,52.27102,20.971689
774,51.535327,20.007453100000006,51.5355531,20.007551925961337
775,52.2437342,21.2400296,52.243635,21.240032
776,53.3852709,14.479830999999999,53.389881,14.484725
777,49.9194968,19.0108093,49.91953535,19.01077099497289
778,51.147162,17.069747,51.14708345,17.069726359971693
779,52.199668100000004,21.130136800000002,52.199672,21.130094
780,50.07062939999999,19.9336206,50.070579,19.93364
781,54.50747679999999,18.5407484,54.50749695,18.540737565598647
782,52.179842799999996,21.0541826,52.17998615,21.05422216753942
783,52.24087900000001,21.0155647,52.60762535,18.90868094415215
784,52.377295000000004,16.8733901,52.3787407,16.874566100000006
785,52.44930600000001,16.891486899999997,52.44928670000001,16.8915002
786,52.4108457,16.860295899999997,52.4108457,16.860295899999997
787,52.359496,17.007634,52.3594824,17.0075987
788,52.34964590000001,16.8250087,54.228037,19.555338
789,49.54616160000001,8.6609189,49.54615915,8.660946524264435
790,50.023399100000006,19.9185925,50.02338380000001,19.918576964919488
791,52.44696070000001,16.9501807,52.446931000000006,16.950180976381677
792,52.17156199999999,21.0221837,52.1715645,21.022188058853573
793,53.13286,23.1572909,53.1327988,23.1573533
794,54.586216799999995,18.4159935,54.58605075,18.415827165301003
795,52.18625120000001,20.8981714,52.302557,20.9868436
796,49.957570600000004,18.9631848,49.95710815,18.96236420378072
797,50.261627000000004,19.1408579,50.26175225,19.14082139402985
798,51.73623189999999,19.432419699999997,51.7364767,19.4329139
799,53.128747600000004,23.160553699999998,53.12855435,23.160183089405304
800,50.072003,19.911158,50.0720201,19.91121805
801,50.097281,19.871126999999998,50.0972634,19.871183957852303
802,52.4066961,17.0282853,52.406733,17.0284147
803,52.22283359999999,21.012944100000002,52.2299993,20.9578418
804,52.4085466,16.886842,52.40854635,16.886842579216868
805,52.364357500000004,16.8180853,52.3643,16.81805
806,50.06690250000001,19.914279999999998,51.1383259,16.893363600000004
807,51.75172389999999,19.4585789,51.75168065,19.45856400367057
808,50.042874299999994,19.93016,50.0429602,19.9306935
809,51.737856,19.513152899999998,51.7377749,19.5129254
810,50.024438599999996,19.9051581,50.0240704,19.9051043
811,50.2602071,19.0365783,50.261016,19.036156
812,50.911068900000004,17.256728,50.90131515,17.324122999640856
813,52.289685799999994,17.8679674,52.290494,17.874047
814,50.29135609999999,19.014958,50.260489,19.015859
815,52.1980787,21.034797,52.19803105,21.0348264
816,50.260366299999994,19.0447668,50.26046895,19.04531694521605
817,52.28787579999999,17.8586671,52.2879,17.85865
818,50.06777899999999,19.930538600000002,50.0678399,19.9305884
819,52.427814,16.936438,52.42779470000001,16.936572441298534
820,50.04550620000001,21.9704625,50.045265,21.970422
821,50.04372189999999,19.967506,50.04426475,19.96596476886979
822,51.742996999999995,19.334564999999998,51.7429278,19.334552292522787
823,52.21131870000001,20.955731999999987,,
824,51.780945700000004,19.5105537,51.78091115,19.51065496446736
825,52.3755574,16.980251899999995,52.3778676,16.976658800000006
826,52.205593799999995,21.049902399999997,52.205789,21.050353
827,50.80918270000001,16.281523999999994,50.8091078,16.281397836723553
828,52.246035000000006,20.9529496,52.246038,20.952999
829,50.08420200000001,19.963741100000004,50.0844172,19.9632329
830,52.25126299999999,21.0643723,52.250977,21.064152
831,52.3736998,16.9005885,52.3737579,16.89990437403247
832,52.29890229999999,20.978513,52.298896,20.978771
833,50.059281299999995,19.979494600000002,50.05928135,19.979494562899724
834,52.2390369,20.964108,52.239234,20.964139000000007
835,50.07862799999999,19.879166100000006,50.078638,19.879323
836,50.04498270000001,19.9308622,50.04497429999999,19.930878202777787
837,52.449858,16.9264331,52.44988960000001,16.9265402
838,53.16149820000001,18.1620233,53.16144895,18.162071698965992
839,52.37079199999999,16.8269401,52.37073,16.82686
840,52.26891989999999,21.0527641,52.2688881,21.052734
841,51.223911,22.547983,51.22397665,22.54799648112144
842,49.888641,19.0240419,49.88862835,19.02398873676668
843,50.364385,18.9884549,50.3643389,18.9944201
844,50.244147,19.0158858,50.2436958,19.01532609164456
845,52.242596,21.2609249,52.243033,21.261378
846,50.07495669999999,19.9299924,50.07504165,19.929982645130337
847,50.2635058,19.0933252,50.2629523,19.0940052
848,52.27562649999999,21.3074512,52.27558,21.30739
849,50.0188239,19.921024,50.0188504,19.921117
850,52.25007700000001,21.04247,52.25013,21.041985
851,51.239604,22.503804000000002,51.2392844,22.5049938
852,54.51905479999999,18.5281473,54.51911679999999,18.5282636
853,52.22491489999999,20.913138399999998,52.22503025,20.9131803130681
854,52.30482680000001,20.992675,52.3051236,20.99303398228608
855,51.1255015,23.4691108,51.135351,23.491696
856,50.2221443,18.9853593,50.2219786,18.9857169
857,52.24400470000001,20.963782300000002,52.24356289999999,20.9635823
858,50.078675200000006,19.8975966,50.078537,19.897437
859,53.203665,23.217758,53.20369,23.21771
860,52.40151289999999,16.857125699999994,52.40140045,16.856930510763217
861,50.190731899999996,18.987942899999997,50.190731799999995,18.987919303239888
862,52.2296756,21.012228699999998,52.2319581,21.0067249
863,52.1344868,21.0610163,52.134461,21.0610533
864,52.08096389999999,16.635081200000002,52.08095,16.63504
865,54.10430699999999,18.059048999999998,54.10432065000001,18.05902119404876
866,52.44450429999999,16.9572534,52.444944250000006,16.957370427105452
867,51.3963344,21.1398177,51.39628610000001,21.13990576746516
868,51.74856570000001,19.453114399999997,51.748609,19.453058
869,54.3804905,18.6009374,54.38051770000001,18.60093972650721
870,54.563226199999995,18.415011800000002,54.56332070000001,18.414745820958053
871,50.0846038,19.9641173,50.0846038,19.964117314181387
872,50.0494098,21.992909,52.198833,18.250613
873,52.22563020000001,20.949110600000004,52.225667,20.949138
874,50.04498020000001,19.9560022,50.0448734,19.9505531
875,52.234825799999996,21.002226,52.2345061,21.0022722
876,50.9240638,15.7535323,50.9241114,15.753533324419982
877,50.240198,19.012967899999996,50.2402846,19.01295559214187
878,50.292467200000004,19.2203018,50.2951901,19.2254157
879,52.2296756,21.012228699999998,41.10625,34.6932203
880,52.3431185,20.9480792,52.343163,20.948249
881,52.1886563,21.047521600000003,52.1886124,21.048045
882,50.0852974,19.9164193,50.0857851,19.916281445074876
883,51.477470000000004,6.9922999999999975,51.4774967,6.992312984036079
884,50.2534578,19.016135600000002,50.25350425000001,19.01610915418905
885,50.4370915,18.9179054,50.43711,18.91789
886,52.2434448,20.9865134,52.243405,20.986571
887,52.225159999999995,20.951081600000002,52.225447,20.951968
888,53.136584,23.136553,53.13643430000001,23.136483035272512
889,52.2791921,20.959137600000002,52.279351,20.959385
890,52.2021176,21.050841600000002,52.201475,21.052194
891,50.03937209999999,19.940133,50.039365000000004,19.94009026798292
892,52.4110905,16.8964875,52.41093565,16.89656283827145
893,52.2340245,18.2615823,52.23400045,18.261285033653987
894,50.0558566,22.006036899999998,50.0557967,22.005950829060925
895,52.397231,16.9486776,52.397255,16.949333
896,54.3804905,18.6009374,54.38051770000001,18.60093972650721
897,52.14294,20.9982481,52.15234045,20.99703970699337
898,52.384725599999996,16.8867579,52.3847048,16.886748100000002
899,50.903965,15.773912,50.90404065,15.773927
900,51.74905529999999,19.442324399999997,51.7489682,19.4423709
901,50.854614,17.4793889,50.855365,17.478849
902,50.2906041,19.138116,50.2905984,19.13811745183546
903,51.5253474,20.0032074,51.52534735,20.00320740033618
904,50.0607258,19.977999899999997,50.06096655,19.97782385
905,54.421282,18.599736,54.421258,18.599678
906,52.213257899999995,21.130796,52.213533,21.13081
907,51.2354302,22.5710573,51.2352643,22.57099237833333
908,52.195486100000004,20.8630135,52.2443511,21.0782175
909,54.542423,18.505654999999997,54.5401418,18.50513130570767
910,50.0802981,19.9222479,50.080132000000006,19.92179567261737
911,51.2478364,22.5528077,51.2479176,22.553021356291552
912,50.064818100000004,19.9278215,50.06482045,19.92778763105835
913,52.3950445,16.8625556,52.3950911,16.8625299
914,50.087029,19.975676899999996,50.086112,19.975749
915,50.900356099999996,15.776074300000001,50.9004014,15.7757687
916,54.542131999999995,18.546793899999997,54.5430787,18.5478642
917,50.0268914,19.911999800000004,50.0264036,19.9118498
918,51.13711770000001,16.950874300000002,51.137391,16.9510391
919,52.45704,16.9455741,52.4570592,16.9455011
920,50.2567086,19.0320445,50.25681675,19.03206229136528
921,50.0484157,19.925555499999998,50.0483855,19.9255642
922,52.2548425,20.9663275,,
923,52.208872,21.0086579,52.25206075,21.012015930905964
924,50.8990033,15.7341677,50.899006,15.734232999999998
925,52.2699943,20.929515300000002,52.269742,20.930797
926,52.3021573,20.9930684,52.302153,20.993264
927,52.26283249999999,20.925281299999998,52.262952,20.924924
928,52.26192860000001,20.924770199999998,52.26192,20.924692
929,50.032758,19.9390141,50.032445,19.941184
930,52.4238492,16.9233566,52.4238854,16.9233501
931,50.0845336,20.013173300000002,50.0847983,20.0136936
932,50.0855313,19.934264600000002,50.085571,19.934315
933,50.09505479999999,19.9205968,50.0934612,19.922151100000004
934,53.145038899999996,23.104949100000002,53.1449596,23.104883498713242
935,52.1956662,21.015471100000006,52.1956676,21.0153618
936,50.0408671,21.9976215,50.04087979999999,21.997688952772776
937,53.1068701,23.193380800000003,53.10707945,23.193309273346014
938,51.39228060000001,21.1526139,51.39406279999999,21.1475755
939,51.794761,19.5066704,51.7949775,19.505995731533588
940,52.2369973,20.9927625,52.237018,20.993474
941,50.36687509999999,19.0302707,50.36874615,19.030147699952238
942,50.065048299999994,19.968641100000006,50.065026,19.968012
943,51.25410609999999,22.487634399999997,51.2541351,22.4875958
944,52.4549995,16.9560486,52.455315,16.955504349472758
945,53.1197387,23.210311899999997,53.1225302,23.2104245
946,51.0631481,17.0289592,51.0631791,17.0289271
947,51.114255,16.950698000000006,51.1142161,16.9507425
948,52.2397656,21.1374786,52.239667,21.137236
949,54.5598404,18.424567899999996,54.55964820000001,18.425179213198426
950,52.1977601,20.9509581,52.19776,20.950958
951,53.121431099999995,23.1386043,53.11929305,23.134347075923948
952,49.7820658,22.7753294,49.7821214,22.7752925
953,52.141186299999994,21.0639876,52.1412033,21.064056272132515
954,51.044238,17.0173609,51.0442064,17.017319399999998
955,52.43629319999999,16.928760500000006,52.4363315,16.9286532
956,50.2089749,18.96559,50.2089877,18.965623498979607
957,51.739084399999996,19.5359829,51.739197,19.536700129558014
958,51.115679799999995,17.0113738,51.11560595,17.01137185007704
959,52.43798639999999,16.949668600000006,52.437923100000006,16.9495721
960,52.867284100000006,20.605212899999998,52.8673604,20.605173
961,50.0573655,21.96388330000001,50.0573743,21.96388694742489
962,50.079590100000004,19.9928938,50.07949470000001,19.993097892942245
963,52.20572199999999,20.974088300000002,52.205654,20.97406
964,52.206712100000004,21.033799399999996,52.2066941,21.0337593
965,50.8143716,16.2784791,50.8136783,16.2796224
966,49.92718,19.015132,49.927642,19.01454
967,50.0762402,19.931695,50.0761989,19.93170738046261
968,50.3077943,19.1014755,50.3078057,19.1014133
969,49.951569899999996,20.427541899999998,49.95195695,20.42741008304336
970,52.219183,20.894976100000004,52.21857,20.894456
971,52.27409979999999,20.929772699999997,52.27404365,20.929779080527922
972,50.0655869,19.9285454,50.06557,19.928434
973,51.44425620000001,7.0341863,51.444093,7.0341430727631575
974,50.073431,19.915404000000002,50.07340125,19.91542874320114
975,52.230765999999996,20.932710999999998,52.231164,20.932484
976,53.431313,14.506347,53.4311749,14.5063946
977,52.8787371,20.6186877,52.8787196,20.61859095
978,52.1770366,21.0746952,52.177037,21.074695
979,51.7847901,19.4167502,51.784881,19.416765968220933
980,52.414879,16.885327800000002,52.4148927,16.8852948
981,54.48098090000001,18.552177899999997,54.48078225,18.552425637293304
982,52.443779000000006,16.958575,52.443842599999996,16.959402781042144
983,51.1124,17.0301495,51.1122422,17.0306108
984,50.25796099999999,18.729306,50.2578183,18.7298966
985,50.2769098,19.026052,50.277035100000006,19.026323038479863
986,52.26140299999999,20.976373000000002,52.260811,20.97693
987,52.256221999999994,21.007509,52.256437,21.007478
988,52.3799334,16.837356600000003,52.366155,16.806652
989,52.133534600000004,21.0622186,52.175882,21.026626
990,52.25896510000001,20.9639993,52.25912,20.963911
991,52.267899,20.963323000000006,52.26789150000001,20.963279199195355
992,50.0133149,19.8917125,50.013421,19.8916988
993,49.91017369999999,19.010469399999998,49.91013555,19.010405653886465
994,50.08420200000001,19.963741100000004,50.0844172,19.9632329
995,51.2674995,22.5271007,51.2674504,22.527313952320306
996,52.400381,16.933963000000002,52.4003762,16.9340353
997,52.3610274,17.0230335,52.36106485000001,17.022993325513895
998,50.089566999999995,19.962348000000002,50.0895503,19.962385051498803
999,52.159493499999996,21.030461300000002,52.695614,16.365548699999998
1000,52.3901238,16.8775766,52.3902191,16.8772765
1001,52.20973129999999,21.0618193,52.2097626,21.0721099
1002,50.08263579999999,19.9381472,50.0830034,19.9380667
1003,51.135006,23.477763500000002,51.13484879999999,23.4755989
1004,52.14369259999999,21.0632223,52.143674,21.063277
1005,50.0731174,20.0179265,50.088878,19.96971
1006,50.2654179,19.137603,50.2654489,19.137572287334226
1007,52.197274,21.008326899999997,52.197192,21.008357
1008,50.82733289999999,16.3019521,50.8273618,16.302093547990133
1009,52.3540731,16.999846100000006,52.3541989,16.9999322
1010,52.39931370000001,16.9315869,52.3989256,16.9304674
1011,52.3017554,20.9935413,52.302083,20.994364
1012,52.13500910000001,21.0631627,52.1347593,21.0631288
1013,50.223867799999994,18.950659899999998,50.2236763,18.950688547521
1014,52.18767820000001,21.012640100000002,52.1874444,21.0136029
1015,51.4169643,21.201377700000002,51.41710250000001,21.2015782
1016,51.7313033,19.5138782,51.9568581,20.1430044
1017,52.394609700000004,16.8599742,52.3945275,16.859965600000002
1018,50.0468263,19.9513643,50.0469973,19.9514729
1019,50.411054,18.980767,50.41098905,18.980759230726363
1020,51.75520909999999,19.3559754,51.75519435,19.35685654577712
1021,51.2151489,22.562214899999997,51.2233278,22.5566011
1022,52.41055009999999,16.8936417,52.41056029999999,16.8936137
1023,49.9914535,19.8283827,49.989325,19.833778
1024,50.286935,18.664962,50.2870046,18.66502407124912
1025,52.2390369,20.964108,52.239234,20.964139000000007
1026,49.7826193,22.778374399999997,52.058705,21.383789
1027,52.39599920000001,16.9603867,52.3959997,16.9603847
1028,52.1726236,21.0661581,52.1726163,21.066175534115384
1029,53.207925,23.201228,53.2076433,23.2027095
1030,50.056545799999995,19.949540300000002,50.0563943,19.9500445803543
1031,50.251712,19.032866000000002,50.25150265,19.032918556643935
1032,51.74108870000001,19.4588532,51.7409251,19.458428
1033,50.0607828,19.9658435,50.0607823,19.965814252190587
1034,51.112333,17.0305324,51.1122741,17.030409600000002
1035,54.4916061,18.5418017,54.491352,18.542651
1036,50.2221443,18.9853593,50.2219786,18.9857169
1037,51.36511489999999,22.612565,51.3584521,22.6075125
1038,51.745649,19.371033999999998,51.74565325,19.3710364
1039,49.9746035,19.8259927,49.974651,19.8259554
1040,52.4116736,16.941349600000002,52.41164660000001,16.9416233
1041,50.0485094,19.9588053,50.0492468,19.9592908
1042,49.8323179,22.834373,49.83251350000001,22.8344465688215
1043,52.236388399999996,20.9349665,52.23516,20.935435
1044,52.4850197,16.8475906,52.4850197,16.8475906
1045,51.364973,22.602857,50.28333,19.25
1046,51.1087239,17.0350389,51.097349,17.023978
1047,52.242702200000004,21.0716361,52.242544,21.071996
1048,49.898796000000004,18.963054999999997,49.8987427,18.9630774
1049,50.860873100000006,17.4702826,50.86097279999999,17.470254546441687
1050,52.362685,16.818514999999998,52.36269,16.81851
1051,50.0731939,19.9343437,50.07326320000001,19.934454803445266
1052,50.032140500000004,19.9160158,50.0319777,19.91548314320756
1053,50.04273970000001,19.945275199999998,50.04273970000001,19.9452752
1054,52.3980395,16.8902449,52.39836525,16.889639887817395
1055,52.36783610000001,16.9374874,52.3680385,16.9366008
1056,50.0166269,19.894459299999998,50.0166243,19.894827
1057,50.08102120000001,19.925408899999997,50.08106095,19.925487221618873
1058,50.0615157,20.003357,50.060117,20.001832
1059,51.1371537,23.4652268,51.1371749,23.4651988
1060,52.2778764,20.9473162,52.278291,20.947589
1061,52.238007399999994,21.0482075,52.23800735,21.0482074807804
1062,50.009382,21.9722273,50.009508,21.97170657649852
1063,49.98180290000001,20.1435228,49.9859311,20.1460008
1064,52.37788699999999,16.9764785,52.3780957,16.976954100000004
1065,50.0843981,19.8846062,50.0846202,19.884524925830647
1066,52.172096999999994,21.038849,52.1722377,21.0390219
1067,50.09203549999999,19.9245148,50.0923743,19.924330800000003
1068,52.1835627,20.9969188,52.1836947,20.9973032
1069,51.3414211,22.626523000000002,51.34068,22.62628
1070,50.067804100000004,19.9178794,50.0678041,19.9178794
1071,52.183338,21.076691,52.183338,21.076681
1072,52.383966,16.9640076,52.38401685,16.963896848203333
1073,50.0452374,19.9145622,50.0450175,19.9149734
1074,52.232852799999996,20.9832043,52.232424,20.984284
1075,50.0254162,21.986677,50.025236,21.9877031
1076,52.44061039999999,16.914259100000002,52.4405678,16.9142575
1077,52.165394899999995,21.0701389,52.1651942,21.0715101
1078,51.7763101,19.4298812,51.7762552,19.42975118507105
1079,52.403545,16.887797,52.40396550000001,16.887702899999994
1080,51.7468599,19.520386399999996,51.746861,19.520356
1081,51.23321179999999,22.6060288,53.8236532,14.983407
1082,50.457642299999996,18.833896,50.4584768,18.8313887
1083,52.24712779999999,21.063276000000002,52.246814,21.063031
1084,52.19026969999999,21.013411899999998,52.190254,21.013586
1085,50.0474268,19.9613324,50.0478769,19.961368688357496
1086,50.1031856,19.94445,50.1031856,19.944449970757308
1087,51.0546951,17.0141097,51.0546982,17.014122
1088,54.33772020000001,18.5830331,54.3379046,18.5831492
1089,50.080658899999996,19.9724388,50.0808984,19.9725256
1090,51.27354620000001,22.5706885,51.2735261,22.5706929
1091,54.345578,18.536831,54.3456077,18.537130359615755
1092,52.200475,21.002866,52.200834,21.002587
1093,53.1110935,23.2002693,53.11108370000001,23.1997479
1094,50.382538000000004,18.9318033,50.3825339,18.9317717
1095,50.0218248,19.9443598,50.0216477,19.94504522788941
1096,50.0922979,19.9322013,50.0923029,19.93218941059066
1097,52.2211167,20.930211399999997,51.868586,16.578035999999994
1098,50.8504584,17.4653348,50.8504616,17.4652473
1099,53.41348000000001,18.4233227,53.4130939,18.423429
1100,51.4427944,6.9988621,51.4486727,7.006837599999999
1101,50.045117499999996,19.975380899999998,50.044785,19.975143
1102,50.26515449999999,19.0177419,50.2651972,19.01716600405861
1103,52.2600169,21.0342318,52.188384,21.067638
1104,51.12380659999999,16.9887294,51.12382,16.988689
1105,51.05560209999999,16.990596,51.0556005,16.990368734008197
1106,52.254050899999996,21.0815491,52.25497,21.081285
1107,49.982347,19.837988,-0.679187,31.466492
1108,50.0680555,19.9223337,51.7757014,18.08317359786277
1109,52.45493620000001,16.9217117,52.4550875,16.921723899999996
1110,50.0719246,19.959297199999998,50.07185605,19.95936417597532
1111,50.0490175,19.9310115,50.0490175,19.9310115
1112,54.563644999999994,18.4005659,54.56280039999999,18.4031557
1113,50.04372189999999,19.967506,50.0449229,19.9679159
1114,52.1881137,20.9932638,52.18811375,20.99326384337173
1115,52.143758,21.0161074,52.143813,21.016126
1116,52.230632799999995,21.0219738,52.2299993,20.9578418
1117,49.910090600000004,19.0058045,50.042073,22.008971
1118,50.084636700000004,19.909549399999996,50.08428060000001,19.9090588
1119,50.07831760000001,19.9295353,50.07830525,19.929892039019762
1120,52.2350347,20.946022,52.234673,20.945861
1121,52.27822339999999,20.9738268,52.278217,20.972868
1122,51.0521362,17.0388531,51.0580138,17.0432024
1123,52.2248842,21.101012100000002,52.224892,21.101039967000087
1124,50.08003679999999,20.0019425,50.07988885,20.001956618518555
1125,53.1111677,23.118159,53.11124690000001,23.117964973433914
1126,50.059770799999995,19.9737409,50.0610402,19.9742074
1127,50.078124700000004,19.9798608,50.07815925,19.97972901433056
1128,54.55040500000001,18.5426309,54.550363,18.542589000000003
1129,52.3480554,16.8045009,52.3480002,16.807391431137724
1130,50.0856395,19.9319332,50.0856594,19.931923474198424
1131,51.0745799,16.9907194,51.07462520000001,16.990676
1132,54.3681162,18.4859585,54.3683145,18.485612062686293
1133,52.40134329999999,16.860188600000004,52.40141120000001,16.8594031
1134,51.071092900000004,16.994401899999996,51.0710808,16.994390799999998
1135,49.973383399999996,20.0806574,49.977377,20.0919372
1136,50.0179522,19.894723499999998,50.0176639,19.8941247
1137,51.1045364,17.0058439,51.1044607,17.0057893
1138,52.16088189999999,21.0216994,52.160771,21.021858
1139,53.3927919,14.6846669,53.3925771,14.6846924
1140,50.209169300000006,18.9585305,50.212288,18.965867000000006
1141,52.214793799999995,21.0226702,52.214779,21.022647
1142,50.0799797,19.895726899999996,50.0806008,19.8926098
1143,50.0801034,19.920931600000007,,
1144,51.3591252,22.6369457,51.36025460000001,22.6378692
1145,52.2301472,20.9387867,52.230207,20.938317
1146,52.22937959999999,20.9060087,52.229424,20.90591
1147,52.14539389999999,21.053987,52.145453,21.0537931
1148,50.0468748,19.9394417,50.04693,19.93928
1149,53.147488,23.157865100000002,53.14765335,23.15839243678585
1150,50.0782033,19.9214966,50.07823610000001,19.9214924
1151,50.35182800000001,19.266134899999997,50.352757200000006,19.2629783
1152,50.46813570000001,19.0725762,50.470535,19.069784
1153,50.0892391,19.9781696,50.0889816,19.978443384414035
1154,52.23432159999999,21.1025323,52.234548,21.096472
1155,53.11397710000001,23.133252300000002,53.11445395,23.134821457009515
1156,52.203978899999996,21.038949,52.203909,21.039053
1157,51.7530512,19.581909500000002,51.75440505,19.58443777654067
1158,52.3924989,16.8939215,52.3924808,16.893964426105136
1159,50.0358368,22.008519699999997,50.0356942,22.00900838260004
1160,51.9739274,20.139803,51.973896,20.139797700000006
1161,51.7560693,19.547890399999996,51.760932,19.460718
1162,50.07916420000001,19.9837217,50.07913370000001,19.9841451
1163,54.48224200000001,18.528457999999997,54.482251399999996,18.5284762
1164,49.9241834,18.9963172,49.9132523,19.0043243
1165,51.14288120000001,23.495786199999998,51.1430813,23.4956412
1166,52.1826024,21.0557693,52.18264600000001,21.05568
1167,52.4303067,16.9311142,52.43051180000001,16.931323199999998
1168,52.1451418,21.022648,52.1451415,21.0225547
1169,51.3612169,22.5777073,51.36122705,22.5777569483488
1170,28.647889799999998,180.0,53.3711659,14.479583600000002
1171,51.12694000000001,17.0503063,51.1269285,17.05037
1172,50.0872463,19.937912899999997,50.0871555,19.937902143899432
1173,50.0341049,19.943616,50.03400035,19.94367238372181
1174,54.3602943,18.58381,54.36029960000001,18.58382751034594
1175,51.0773029,19.4018089,51.0772586,19.4017604
1176,54.58045799999999,18.3717908,54.591265,18.458812
1177,51.228434899999996,22.5165593,51.2284688,22.51652171878748
1178,50.0467737,19.956484399999997,50.0467485,19.9565228
1179,53.126102,23.168550699999997,51.644148,21.090472
1180,52.208118,21.0407389,52.207975,21.041836
1181,52.1995446,20.9779147,52.1996245,20.9778255
1182,50.0373222,21.9811267,50.0370979,21.9813889
1183,52.4475605,16.9317235,52.4475605,16.9317235
1184,50.0565474,19.9256075,50.05651595000001,19.925577185847878
1185,53.7194247,18.915223899999997,53.729545,18.930362
1186,50.33263510000001,18.7832331,50.3327965,18.783318022296573
1187,50.049222799999995,19.987835600000004,50.049653899999996,19.99036445859627
1188,50.26074600000001,19.024338,50.26075995,19.024380628145586
1189,50.9044171,15.719361600000001,50.912807,15.8339014
1190,50.0866533,19.8789297,50.086819,19.877673
1191,52.3925689,16.8794659,52.3926013,16.8794695
1192,51.39378130000001,12.3951685,51.426241,6.994420599999999
1193,50.0431403,19.9407732,50.0430842,19.9407011
1194,50.068309,19.927129,50.0682698,19.9273118
1195,51.72019239999999,19.4281526,51.720231,19.427968
1196,52.312759899999996,17.8960547,52.3128101,17.895980781612316
1197,52.2159633,21.0183693,52.240892,21.186585
1198,52.1703425,21.0584168,52.17050685,21.05863773181182
1199,50.94435499999999,17.289133,50.944414,17.288961999999998
1200,50.07302989999999,19.8918319,50.0729476,19.89156746754385
1201,51.751748000000006,19.503024,51.7537665,19.5096337
1202,50.065284999999996,20.023196,50.06528505,20.023196008622925
1203,50.3742965,18.950427899999998,50.37430385,18.950314470970632
1204,52.232512899999996,20.93754,52.232566,20.937559
1205,50.0087821,19.9998817,,
1206,53.916236,14.2589804,53.916214,14.258920000000002
1207,52.1307321,17.0402818,52.1051352,17.0376327
1208,51.1317791,23.4886723,51.1317964,23.488692
1209,50.289571,19.1337353,50.289069,19.133458
1210,50.86119910000001,17.4724877,50.861279100000004,17.472448641110024
1211,53.12502360000001,23.1514348,53.12498225,23.15135865239181
1212,52.3929238,16.8886935,52.39272329999999,16.888464399999997
1213,52.217738,21.0198569,52.217768,21.019893
1214,52.3577436,17.012724300000002,52.35780250000001,17.012714499999998
1215,50.0699343,19.920188800000002,50.06985165,19.92028206414041
1216,52.2477369,21.062804500000002,52.247686,21.062858
1217,51.14312320000001,23.4711986,51.1156455,23.51912
1218,50.4482475,18.8284592,50.4482598,18.8286004
1219,51.245869899999995,22.5314779,51.246068,22.532657
1220,52.428236,16.784875,52.42825145000001,16.784816189398782
1221,51.223147,22.5138181,51.22315220000001,22.5138591
1222,53.1090423,23.198365600000002,53.10910429999999,23.1984121
1223,51.429278000000004,21.1600014,51.42858835,21.15971312806213
1224,52.31201420000001,21.0236992,52.312001,21.023655
1225,50.28155,19.128701,50.2815743,19.12872737469879
1226,52.25756939999999,20.896141600000004,52.257486,20.894611
1227,50.0561871,19.919669,50.056166,19.919678
1228,52.2319924,21.2717673,52.233586,21.271932
1229,53.1355699,23.1328731,53.13547239999999,23.132914000000003
1230,50.0457851,19.9243157,50.0458088,19.9243898
1231,52.1721564,21.0252669,52.1729599,21.0247805
1232,52.27326729999999,20.9366149,52.27332,20.936594
1233,50.919295500000004,15.754029899999999,50.9193928,15.75393400783438
1234,50.076462,19.92529,53.1203788,23.0820194
1235,52.2378729,20.939136899999998,52.237746,20.939426
1236,50.06557100000001,19.971006,50.06541695,19.971071242483053
1237,54.55035229999999,18.483724,54.549729000000006,18.484509
1238,48.3012255,9.9898457,48.0059404,9.041847578882352
1239,54.55699360000001,18.451358600000002,54.556091,18.44991
1240,50.26572909999999,19.0597669,50.265408,19.059134
1241,50.0856395,19.9319332,50.0856594,19.931923474198424
1242,50.08357520000001,19.945725399999997,50.0835003,19.9458362
1243,51.2725747,22.5624052,51.2748454,22.5617692
1244,51.029123,16.970917800000002,51.0291432,16.970905454942773
1245,54.5070089,18.5425813,54.50700629999999,18.54256982216981
1246,49.91594689999999,18.998426199999997,49.91591245,18.99840509604082
1247,54.5314057,18.4978173,54.531347,18.497672
1248,52.480705500000006,16.9107447,52.480725,16.910669
1249,53.1523149,23.1584638,53.151827,23.1579067
1250,51.24725220000001,22.55005610000001,51.24727905,22.550091607783145
1251,54.5521255,18.443258800000002,54.559587,18.393859
1252,54.490969299999996,18.514875,54.526826,18.459739000000006
1253,50.866074,17.474487,50.866523,17.472993
1254,52.4441475,16.953575,52.4440419,16.953595408427333
1255,52.435682299999996,16.952444800000002,52.4357807,16.949507500000006
1256,52.2561685,20.9145188,52.25610800000001,20.914515
1257,52.230060200000004,20.9776459,52.230075,20.977546
1258,50.007834,20.957933999999998,50.0077849,20.95790500097752
1259,52.405634,16.6841909,52.40560675,16.68437216396046
1260,53.3727189,14.477523999999999,53.3727206,14.477531099999998
1261,50.2727294,18.998441399999997,50.27269935,18.99848361669961
1262,52.1756761,21.049664899999996,52.175661,21.049641
1263,50.0477019,19.9886778,50.047724,19.988625
1264,54.49138249999999,18.510702300000002,54.4907843,18.511631
1265,52.22716120000001,20.9148727,52.227012,20.914641
1266,50.21591249999999,18.968815399999997,50.2158128,18.96880041336405
1267,54.51238679999999,18.532723800000007,54.512479000000006,18.532736
1268,51.7331586,19.5082755,52.10355115,19.932795652492523
1269,52.354577,16.9876512,52.3548093,16.9876484
1270,49.809074,22.7829295,47.728378,18.734951
1271,52.2781149,20.9717454,52.278217,20.972868
1272,50.243578899999996,18.990129999999997,50.24355110000001,18.990156673555585
1273,51.721573299999996,19.4958497,51.72149455,19.4958315920384
1274,50.084657299999996,19.9069867,50.0848822,19.9071699
1275,50.08501889999999,19.926199899999997,50.0850472,19.9262744
1276,50.0853998,19.9164599,50.0835906,19.9156544
1277,53.12472020000001,23.095894199999996,53.12475210000001,23.095948645304308
1278,52.4037421,16.863259699999997,52.4037081,16.8632592
1279,51.038809,19.424112899999997,51.03880715,19.424095381561465
1280,53.1196372,23.1501938,53.1195779,23.1502546
1281,51.73484939999999,19.3546525,51.73558785,19.355664613153525
1282,50.27131139999999,19.010147,50.27130745,19.01014484462964
1283,51.73052979999999,19.513074600000003,51.729696,19.513146
1284,51.707260999999995,19.479561,51.705379,19.4836831
1285,51.74385729999999,19.4521232,51.743854,19.452165
1286,53.13118710000001,23.1603313,53.13160755,23.160303014130864
1287,50.05498499999999,19.9032561,50.0551497,19.90381143560507
1288,52.2216517,20.919752,52.221513,20.919728
1289,52.2350321,20.977162,52.235031,20.977126
1290,54.52281410000001,18.539243600000002,54.522764,18.539318
1291,50.061654,19.8885257,50.06163315000001,19.88850630276048
1292,50.891740999999996,15.729172400000001,50.88835025,15.735021202181258
1293,50.0468263,19.9513643,50.0469973,19.9514729
1294,53.1090423,23.198365600000002,53.10900600000001,23.198303
1295,52.1977601,20.9509581,52.19776,20.950958
1296,54.498820499999994,18.5127245,54.4988101,18.512631613299888
1297,50.0924463,19.8888889,50.09235805,19.88884025
1298,52.27163669999999,20.955614,52.2715867,20.9554428
1299,52.1979274,21.0836693,52.197673,21.084114000000003
1300,51.7331586,19.5082755,52.10355115,19.932795652492523
1301,50.4275515,18.837666199999997,50.4231749,18.833234
1302,54.57321930000001,18.3999436,54.57337,18.39931
1303,50.094164299999996,19.9370796,50.0942489,19.936910315765342
1304,50.06359310000001,19.9131775,,
1305,51.93592349999999,15.486856099999999,51.93588,15.486892
1306,52.4625745,16.9250456,52.4626092,16.925044827033222
1307,54.4994785,18.4387582,54.499518,18.438763
1308,50.0708174,19.9334079,50.07079305,19.933413321607915
1309,52.2224904,20.9388031,52.222601,20.939073
1310,50.07877,19.907058199999998,50.078656,19.907020000000006
1311,51.13676020000001,23.4481896,51.1367994,23.448228
1312,51.455643200000004,7.011555199999999,51.4494438,7.013881056487834
1313,51.23525890000001,22.546315600000003,51.23525855,22.546298233566823
1314,54.498820499999994,18.5127245,54.4988101,18.512631613299888
1315,52.1858848,21.0219837,52.185719,21.02172
1316,51.149287,23.4565997,51.14936270000001,23.4560639
1317,51.137887000000006,23.509592899999998,51.1378363,23.5094587
1318,51.224976,22.5710169,51.22488915,22.570726490980505
1319,50.0903885,19.9545987,50.090391,19.954564
1320,54.580474699999996,18.3780978,54.5805078,18.37809573460601
1321,52.2768856,20.9344293,52.276807,20.934709
1322,50.0953795,19.9237122,50.0954203,19.9238591
1323,49.909363,19.0062493,,
1324,50.0636456,19.924561800000006,52.393285,21.36286
1325,51.169967,23.493030100000002,51.1699672,23.4930297
1326,52.1344286,21.0727767,52.134495,21.072818
1327,50.3112292,19.1031645,50.31207395,19.097036057246807
1328,52.19255159999999,21.0886322,52.193144,21.086406
1329,52.262257,20.9332298,52.262283,20.932556
1330,50.0636456,19.924561800000006,52.393285,21.36286
1331,50.867061,17.472887,50.86705,17.472856
1332,50.348033,19.163835,50.3480083,19.163812291054388
1333,50.05615179999999,19.922562699999997,50.05608965,19.92263712117665
1334,51.22911989999999,22.6751224,51.2290837,22.6750549
1335,50.0547631,19.9229697,50.054782,19.9229419
1336,53.71956360000001,18.920930600000002,,
1337,50.28370049999999,19.028962300000003,50.283454,19.029003
1338,50.237595899999995,19.092952899999997,50.2376027,19.09297296951098
1339,51.149287,23.4565997,51.14936270000001,23.4560639
1340,50.084492299999994,19.907969199999997,,
1341,54.56546059999999,18.4104602,54.5654691,18.410438
1342,49.781303799999996,22.7979592,49.781353,22.7980287548633
1343,53.15047149999999,23.0963676,53.150361,23.096334
1344,53.1571418,23.0855848,53.1590899,23.0835423
1345,50.0565055,19.905429,50.0586801,19.9206209
1346,50.06713660000001,19.934605899999998,50.0671294,19.9345957446944
1347,54.5189478,18.5406348,54.563974,18.486529
1348,49.78218,22.805889,49.778911,22.803907
1349,50.8545653,17.4764843,50.854550700000004,17.476492198620015
1350,53.731733,18.9232139,50.133121,20.012817
1351,50.252687400000006,19.19475,50.2505731,19.1892994
1352,52.2084568,21.0416421,52.208555,21.041996
1353,51.23369520000001,22.605582000000002,51.2338786,22.6049274
1354,51.2609953,22.5949337,51.125081,17.05303
1355,54.55699360000001,18.451358600000002,54.556091,18.44991
1356,50.2550678,19.0261095,50.2549352,19.0262966
1357,54.560789,18.4124139,54.5604436,18.4132884
1358,50.2317039,18.9759633,50.23162725,18.97598787236223
1359,52.3779929,16.7489399,52.37802,16.74889
1360,50.29425999999999,18.68714,50.294434100000004,18.68731714166667
1361,50.255398299999996,19.004143600000006,50.2549894,19.00452258638213
1362,50.07555199999999,19.9290177,50.07562685,19.9287277539394
1363,51.7331586,19.5082755,52.10355115,19.932795652492523
1364,50.32718010000001,19.07463,50.32655055,19.075573878657416
1365,52.077944,17.015229100000006,50.5147061,16.500700199999994
1366,54.57882610000001,18.3990057,54.57878420000001,18.39900945
1367,50.262519,19.0122239,50.2625157,19.01228562953446
1368,53.11697339999999,23.1761045,53.11717090000001,23.1760852
1369,53.1087922,23.1220688,53.1088374,23.122063403673106
1370,54.51494399999999,18.5409021,54.514875,18.5409588
1371,54.51494399999999,18.5409021,54.514875,18.5409588
1372,50.007834,20.957933999999998,51.7755566,14.8700426
1373,54.57151429999999,18.3965134,54.5715328,18.39628343020864
1374,54.579014199999996,18.4003888,54.5788792,18.400375243145163
1375,54.543698,18.5324609,54.5437517,18.532064373146728
1376,50.26345560000001,19.0135237,50.2635821,19.014131345280198
1377,54.5738747,18.3906396,54.57387965,18.3906817
1378,50.025713,21.9887324,50.0258101,21.988469097220808
1379,54.557078800000006,18.3974544,54.557062650000006,18.397373010122394
1380,54.561901,18.4105618,54.5618726,18.4107517
1381,52.43052609999999,16.9542564,52.43054010000001,16.95409584305807
1382,54.56764329999999,18.403062,54.56765945,18.403067981755786
1383,50.044495,19.9247052,50.0443676,19.9246094
1384,51.23345689999999,22.544048,51.2335251,22.5440425
1385,54.5703625,18.3771043,54.56997545,18.377295646674682
1386,54.5774897,18.3923698,54.5778274,18.391559
1387,54.5686088,18.394806699999997,54.56853710000001,18.39469616524244
1388,54.5693521,18.3954838,54.56942465,18.395279547740238
1389,54.572003,18.391961300000002,54.57201215,18.39197789794504
1390,53.11145079999999,23.0763486,53.1114705,23.07640885
1391,50.8361289,17.420621399999998,50.842632,17.419412
1392,53.0701017,23.229159399999997,54.22223689999999,18.0949468
1393,53.12236039999999,23.09910360000001,53.1222995,23.0989111
1394,51.24869899999999,22.5182318,51.24882210000001,22.5183532
1395,54.518883100000004,18.5353297,54.5188963,18.535109779839786
1396,53.1343695,23.1407765,53.1342295,23.1405793
1397,50.007834,20.957933999999998,51.7755566,14.8700426
1398,50.1974675,18.9807166,50.1974675,18.9807166
1399,52.44821700000001,16.942144,52.44819355,16.942090904988746
1400,54.5663529,18.4061413,51.30412000000001,23.13344
1401,52.2559653,20.9055979,52.255925,20.905519
1402,52.36593999999999,16.8050341,52.36594,16.80503
1403,52.214139,21.0516815,52.213867,21.051986
1404,53.1116608,23.1273843,53.111649,23.127425
1405,52.2272184,20.9527171,52.2274154,20.9536623
1406,52.1760514,20.994551,52.17597745000001,20.99456755223169
1407,52.2309704,20.9781441,52.23113485,20.978388914810207
1408,52.2276659,21.0614476,52.227822,21.061355
1409,52.4238852,16.967770899999998,52.42399105,16.968127054174616
1410,52.4059244,16.930335,51.051554,16.194275
1411,52.2252501,21.0167217,52.156837,20.949496
1412,52.2284873,21.013174,52.228801,21.013085
1413,52.1871514,21.0466326,52.1872607,21.0465796
1414,53.155772899999995,23.1245741,53.15508730000001,23.1258499
1415,52.3952318,16.9216533,52.3951612,16.9215663
1416,52.258241,20.894523,52.25825510000001,20.8944387
1417,52.2363025,20.9954506,52.235971,20.995582
1418,52.243757,20.992597,52.24372355,20.992636258605984
1419,52.4037011,16.9343549,52.4035274,16.934105397807485
1420,52.391509,16.946822,52.3915,16.946842
1421,52.269513399999994,20.986449,52.2695561,20.9879035
1422,54.34779349999999,18.6510711,54.34780210000001,18.65111120487888
1423,52.23960109999999,20.926640399999997,52.239859,20.926835
1424,52.236132,21.029811,52.2361694,21.0297682
1425,52.2055869,20.9180616,52.205524,20.918077
1426,54.39179100000001,18.595413,54.3917671,18.595443600000007
1427,52.26508670000001,20.9515911,55.859135,39.579995
1428,52.23857260000001,20.9261005,52.2346056,20.924481197209413
1429,52.393195,16.923973899999996,52.3931959,16.9239733
1430,53.11403370000001,23.1381667,53.1140115,23.13824286474958
1431,52.2296756,21.012228699999998,52.255418950000006,21.001278366528766
1432,53.1251713,23.1503076,51.959383,20.149414
1433,53.145689600000004,23.1336984,53.14580215,23.133717509995137
1434,54.324723999999996,18.558795,54.3248899,18.559038
1435,52.23025029999999,20.969014,52.23025300000001,20.969107
1436,52.2376461,20.982606699999998,52.23772020000001,20.982719385440628
1437,52.2316705,21.0119619,52.2316777,21.011962794107014
1438,52.17665479999999,21.000031699999997,52.176655,21.000032
1439,52.4076815,16.9305862,52.4078487,16.9320911
1440,52.4187623,16.8653306,52.418741,16.865191600000006
1441,52.1335752,21.0184242,52.133516,21.018681
1442,50.148995,18.9626889,50.1491222,18.9626705
1443,52.24515039999999,20.916004,52.245094,20.91568
1444,52.387593100000004,16.9152172,52.3877231,16.9151195553237
1445,52.27040419999999,20.9473078,52.27043,20.947346
1446,52.1747279,21.022346,52.174724,21.022286
1447,52.4312688,16.9328566,52.4312801,16.9328328
1448,52.25081160000001,21.0815236,51.25607865,22.52637942393204
1449,51.0724338,17.047466,51.0721099,17.0468338
1450,50.66570640000001,17.9296375,50.6657729,17.929673364643573
1451,52.404452,16.939350899999994,52.40427310000001,16.9394807
1452,52.2055654,21.0175292,52.205605,21.017117
1453,52.169075,21.008522,52.16907020000001,21.008550600000003
1454,52.20570000000001,21.036082,52.205224,21.036102
1455,52.3958224,16.9237363,52.3958136,16.923769699999998
1456,52.248923,21.0068014,52.248952,21.187209
1457,52.3771256,16.9850124,52.37793,16.985609
1458,53.119646900000006,23.1501954,53.1195779,23.1502546
1459,52.2523516,21.0424504,52.252385,21.042445
1460,52.2495219,21.0696541,52.24957,21.069837
1461,52.13855020000001,21.013339300000002,52.138295,21.012753
1462,52.24104089999999,20.944167,52.24109325,20.944289179089136
1463,52.2403506,20.975170600000002,52.2403526,20.97514048965995
1464,52.2356369,21.006076,52.23575,21.005928
1465,51.1136,16.997095,51.1136226,16.9971065
1466,52.163598799999995,21.0827732,52.163883,21.082461
1467,50.682771,17.943627,50.6823909,17.9434389
1468,52.2273523,20.9532693,52.2276355,20.9541583
1469,52.23466879999999,20.9907818,52.234513,20.990539
1470,52.1563427,21.0384109,52.15638715,21.038390182198953
1471,52.2228028,21.0919207,52.2229347,21.091990300000006
1472,53.137811600000006,23.1334753,51.644291,21.090381
1473,54.32660110000001,18.628497199999998,54.326837,18.630475
1474,52.2251938,21.0097986,52.225162,21.00971
1475,54.3594132,18.6522223,54.359396,18.6521964
1476,53.10962579999999,23.131035699999998,53.1096161,23.1308661
1477,54.37463689999999,18.631812600000003,54.3746291,18.63179586919733
1478,53.14388320000001,23.1310581,50.715145,23.2816605
1479,52.4123101,16.941153399999994,52.4123146,16.941247699999998
1480,52.17081029999999,21.0575996,52.170887,21.056946
1481,52.2440818,20.9068926,52.24408,20.906881
1482,52.24816060000001,20.990631399999998,52.248373,20.989916
1483,52.2775835,21.0557112,52.276189,21.055877
1484,52.457904000000006,16.923711899999994,52.4579675,16.923587
1485,51.1146821,17.0582107,51.1146264,17.0580363
1486,52.20773209999999,20.968869,52.207755,20.968816
1487,54.374438399999995,18.607885999999997,54.37445510000001,18.60786566069229
1488,52.1358176,21.068597600000004,52.135695,21.067508
1489,52.278777399999996,20.918809600000003,52.279623,20.91909
1490,52.25187400000001,20.990703,52.25184395,20.99072570658328
1491,52.38879,16.944188,52.3887627,16.9441809
1492,54.423883,18.471453,51.847848,16.568958
1493,52.23968920000001,20.9603673,52.239803,20.960376
1494,52.18801039999999,20.987928099999987,52.1882899,20.9877216
1495,52.265010800000006,20.9773338,52.2650436,20.97725225
1496,51.09512700000001,17.019196,51.0950484,17.019114300000002
1497,52.2253663,21.063883800000006,52.2252328,21.063693
1498,54.512016,18.525809699999996,54.51194345,18.52581094704184
1499,54.348558800000006,18.648972,54.348514,18.648853
